<?xml version="1.0" encoding="UTF-8"?>
<project-private xmlns="http://www.netbeans.org/ns/project-private/1">
    <editor-bookmarks xmlns="http://www.netbeans.org/ns/editor-bookmarks/2" lastBookmarkId="0"/>
    <open-files xmlns="http://www.netbeans.org/ns/projectui-open-files/2">
        <group>
            <file>file:/C:/TubesPBOGUI/CERDIK-DESKTOP-main/Cerdik-Desktop/src/uinakes/tambahJadwal.java</file>
            <file>file:/C:/TubesPBOGUI/CERDIK-DESKTOP-main/Cerdik-Desktop/src/cerdik/desktop/Account.java</file>
            <file>file:/C:/TubesPBOGUI/CERDIK-DESKTOP-main/Cerdik-Desktop/src/dashboardpasien/HelpCenter.java</file>
            <file>file:/C:/TubesPBOGUI/CERDIK-DESKTOP-main/Cerdik-Desktop/src/guiApoteker/InputDeleteLihatDatabase.java</file>
            <file>file:/C:/TubesPBOGUI/CERDIK-DESKTOP-main/Cerdik-Desktop/src/Images/istockphoto-1278403772-170667a.jpg</file>
            <file>file:/C:/TubesPBOGUI/CERDIK-DESKTOP-main/Cerdik-Desktop/src/guiApoteker/EditObat.java</file>
            <file>file:/C:/TubesPBOGUI/CERDIK-DESKTOP-main/Cerdik-Desktop/src/guiApoteker/GUINakes.java</file>
            <file>file:/C:/TubesPBOGUI/CERDIK-DESKTOP-main/Cerdik-Desktop/src/guiApoteker/Persetujuan.java</file>
            <file>file:/C:/TubesPBOGUI/CERDIK-DESKTOP-main/Cerdik-Desktop/src/cerdik/desktop/Displays.java</file>
            <file>file:/C:/TubesPBOGUI/CERDIK-DESKTOP-main/Cerdik-Desktop/src/dashboardpasien/HomePasien.java</file>
            <file>file:/C:/TubesPBOGUI/CERDIK-DESKTOP-main/Cerdik-Desktop/src/cerdik/desktop/SignUp_Nakes_UI.java</file>
            <file>file:/C:/TubesPBOGUI/CERDIK-DESKTOP-main/Cerdik-Desktop/src/uinakes/melihatJadwal.java</file>
            <file>file:/C:/TubesPBOGUI/CERDIK-DESKTOP-main/Cerdik-Desktop/src/Images/home%20(5).png</file>
            <file>file:/C:/TubesPBOGUI/CERDIK-DESKTOP-main/Cerdik-Desktop/src/uinakes/editJadwal.java</file>
            <file>file:/C:/TubesPBOGUI/CERDIK-DESKTOP-main/Cerdik-Desktop/src/uinakes/helpCenter.java</file>
            <file>file:/C:/TubesPBOGUI/CERDIK-DESKTOP-main/Cerdik-Desktop/src/uinakes/UINAKES.java</file>
            <file>file:/C:/TubesPBOGUI/CERDIK-DESKTOP-main/Cerdik-Desktop/src/cerdik/desktop/Pasien.java</file>
            <file>file:/C:/TubesPBOGUI/CERDIK-DESKTOP-main/Cerdik-Desktop/src/cerdik/desktop/PilihTipeUser_UI.java</file>
            <file>file:/C:/TubesPBOGUI/CERDIK-DESKTOP-main/Cerdik-Desktop/src/cerdik/desktop/MainProgram.java</file>
            <file>file:/C:/TubesPBOGUI/CERDIK-DESKTOP-main/Cerdik-Desktop/src/guiApoteker/Jadwal.java</file>
            <file>file:/C:/TubesPBOGUI/CERDIK-DESKTOP-main/Cerdik-Desktop/src/guiApoteker/helpCenter.java</file>
            <file>file:/C:/TubesPBOGUI/CERDIK-DESKTOP-main/Cerdik-Desktop/src/cerdik/desktop/SignUp.java</file>
            <file>file:/C:/TubesPBOGUI/CERDIK-DESKTOP-main/Cerdik-Desktop/src/cerdik/desktop/Menu_Pasien_UI.java</file>
            <file>file:/C:/TubesPBOGUI/CERDIK-DESKTOP-main/Cerdik-Desktop/src/guiApoteker/EditJadwal.java</file>
            <file>file:/C:/TubesPBOGUI/CERDIK-DESKTOP-main/Cerdik-Desktop/src/Images/help.png</file>
            <file>file:/C:/TubesPBOGUI/CERDIK-DESKTOP-main/Cerdik-Desktop/src/guiApoteker/editJadwal2.java</file>
            <file>file:/C:/TubesPBOGUI/CERDIK-DESKTOP-main/Cerdik-Desktop/src/guiApoteker/Obat.java</file>
            <file>file:/C:/TubesPBOGUI/CERDIK-DESKTOP-main/Cerdik-Desktop/src/uinakes/konfirmasiObat.java</file>
            <file>file:/C:/TubesPBOGUI/CERDIK-DESKTOP-main/Cerdik-Desktop/src/uinakes/jadwalPasien.java</file>
            <file>file:/C:/TubesPBOGUI/CERDIK-DESKTOP-main/Cerdik-Desktop/src/cerdik/desktop/Apoteker.java</file>
            <file>file:/C:/TubesPBOGUI/CERDIK-DESKTOP-main/Cerdik-Desktop/src/cerdik/desktop/SignUp_Apoteker_UI.java</file>
            <file>file:/C:/TubesPBOGUI/CERDIK-DESKTOP-main/Cerdik-Desktop/src/uinakes/popUpTidakSetuju.java</file>
            <file>file:/C:/TubesPBOGUI/CERDIK-DESKTOP-main/Cerdik-Desktop/src/cerdik/desktop/Login_UI.java</file>
            <file>file:/C:/TubesPBOGUI/CERDIK-DESKTOP-main/Cerdik-Desktop/src/dashboardpasien/DashboardPasien.java</file>
            <file>file:/C:/TubesPBOGUI/CERDIK-DESKTOP-main/Cerdik-Desktop/src/Images/database.png</file>
            <file>file:/C:/TubesPBOGUI/CERDIK-DESKTOP-main/Cerdik-Desktop/src/Images/Gambar.png</file>
            <file>file:/C:/TubesPBOGUI/CERDIK-DESKTOP-main/Cerdik-Desktop/src/guiApoteker/AddObat.java</file>
            <file>file:/C:/TubesPBOGUI/CERDIK-DESKTOP-main/Cerdik-Desktop/src/cerdik/desktop/SignUp_Pasien_UI.java</file>
        </group>
    </open-files>
</project-private>
